<application>
  <component name="AppStorage">
    <histories>
      <item value="大陆" />
      <item value="方向" />
      <item value="系数" />
      <item value="列数" />
      <item value="行数" />
      <item value="weak" />
      <item value="Trying to reload asset from disk that is not stored on disk" />
      <item value="Cannot cast from source type to destination type." />
      <item value="过滤配置" />
      <item value="end" />
      <item value="Enchantment Panel" />
      <item value="gameobject" />
    </histories>
    <option name="languageScores">
      <map>
        <entry key="CHINESE" value="9" />
        <entry key="ENGLISH" value="9" />
        <entry key="JAPANESE" value="1" />
      </map>
    </option>
  </component>
</application>